,FILENAME,W,S,VP,C,T,DC,CT,CP,CN,MLS,MLT,MLC,C/S,VP/T,C/T,DC/C,DC/T,T/S,CT/T,CP/T,CP/C,CN/T,CN/C
0,159.txt,272,11,25,21,12,8,6,7,37,24.7273,22.6667,12.9524,1.9091,2.0833,1.75,0.381,0.6667,1.0909,0.5,0.5833,0.3333,3.0833,1.7619
1,158.txt,198,8,19,16,11,4,4,5,24,24.75,18.0,12.375,2.0,1.7273,1.4545,0.25,0.3636,1.375,0.3636,0.4545,0.3125,2.1818,1.5
2,156.txt,193,10,16,15,11,2,2,6,22,19.3,17.5455,12.8667,1.5,1.4545,1.3636,0.1333,0.1818,1.1,0.1818,0.5455,0.4,2.0,1.4667
3,157.txt,223,12,25,21,15,5,5,6,29,18.5833,14.8667,10.619,1.75,1.6667,1.4,0.2381,0.3333,1.25,0.3333,0.4,0.2857,1.9333,1.381
4,155.txt,186,13,23,19,16,3,3,5,17,14.3077,11.625,9.7895,1.4615,1.4375,1.1875,0.1579,0.1875,1.2308,0.1875,0.3125,0.2632,1.0625,0.8947
5,154.txt,166,9,14,14,9,5,4,3,23,18.4444,18.4444,11.8571,1.5556,1.5556,1.5556,0.3571,0.5556,1.0,0.4444,0.3333,0.2143,2.5556,1.6429
6,153.txt,183,10,21,21,11,10,8,6,25,18.3,16.6364,8.7143,2.1,1.9091,1.9091,0.4762,0.9091,1.1,0.7273,0.5455,0.2857,2.2727,1.1905
7,152.txt,183,10,15,13,11,2,2,7,31,18.3,16.6364,14.0769,1.3,1.3636,1.1818,0.1538,0.1818,1.1,0.1818,0.6364,0.5385,2.8182,2.3846
0,38.txt,165,9,11,10,9,1,1,6,30,18.3333,18.3333,16.5,1.1111,1.2222,1.1111,0.1,0.1111,1.0,0.1111,0.6667,0.6,3.3333,3.0
1,39.txt,161,11,12,11,10,1,1,10,21,14.6364,16.1,14.6364,1.0,1.2,1.1,0.0909,0.1,0.9091,0.1,1.0,0.9091,2.1,1.9091
2,34.txt,152,6,13,8,7,2,2,4,23,25.3333,21.7143,19.0,1.3333,1.8571,1.1429,0.25,0.2857,1.1667,0.2857,0.5714,0.5,3.2857,2.875
3,35.txt,188,11,18,17,12,6,5,8,22,17.0909,15.6667,11.0588,1.5455,1.5,1.4167,0.3529,0.5,1.0909,0.4167,0.6667,0.4706,1.8333,1.2941
4,37.txt,168,7,20,19,10,9,7,5,17,24.0,16.8,8.8421,2.7143,2.0,1.9,0.4737,0.9,1.4286,0.7,0.5,0.2632,1.7,0.8947
5,36.txt,160,8,17,16,10,6,5,2,24,20.0,16.0,10.0,2.0,1.7,1.6,0.375,0.6,1.25,0.5,0.2,0.125,2.4,1.5
6,32.txt,183,9,17,16,9,5,5,5,28,20.3333,20.3333,11.4375,1.7778,1.8889,1.7778,0.3125,0.5556,1.0,0.5556,0.5556,0.3125,3.1111,1.75
7,33.txt,172,7,15,15,8,7,5,2,34,24.5714,21.5,11.4667,2.1429,1.875,1.875,0.4667,0.875,1.1429,0.625,0.25,0.1333,4.25,2.2667
0,413.txt,187,12,21,18,13,5,4,5,25,15.5833,14.3846,10.3889,1.5,1.6154,1.3846,0.2778,0.3846,1.0833,0.3077,0.3846,0.2778,1.9231,1.3889
1,412.txt,188,9,17,16,13,3,3,2,19,20.8889,14.4615,11.75,1.7778,1.3077,1.2308,0.1875,0.2308,1.4444,0.2308,0.1538,0.125,1.4615,1.1875
2,410.txt,158,10,13,14,11,3,3,5,25,15.8,14.3636,11.2857,1.4,1.1818,1.2727,0.2143,0.2727,1.1,0.2727,0.4545,0.3571,2.2727,1.7857
3,411.txt,194,9,21,18,11,5,5,3,23,21.5556,17.6364,10.7778,2.0,1.9091,1.6364,0.2778,0.4545,1.2222,0.4545,0.2727,0.1667,2.0909,1.2778
4,415.txt,217,11,28,23,16,8,7,7,23,19.7273,13.5625,9.4348,2.0909,1.75,1.4375,0.3478,0.5,1.4545,0.4375,0.4375,0.3043,1.4375,1.0
5,414.txt,144,7,10,10,8,2,2,5,23,20.5714,18.0,14.4,1.4286,1.25,1.25,0.2,0.25,1.1429,0.25,0.625,0.5,2.875,2.3
6,408.txt,160,9,17,15,10,5,5,2,19,17.7778,16.0,10.6667,1.6667,1.7,1.5,0.3333,0.5,1.1111,0.5,0.2,0.1333,1.9,1.2667
7,409.txt,176,5,13,12,10,2,3,4,26,35.2,17.6,14.6667,2.4,1.3,1.2,0.1667,0.2,2.0,0.3,0.4,0.3333,2.6,2.1667
0,349.txt,151,7,15,12,7,3,3,1,25,21.5714,21.5714,12.5833,1.7143,2.1429,1.7143,0.25,0.4286,1.0,0.4286,0.1429,0.0833,3.5714,2.0833
1,348.txt,212,12,14,14,13,1,1,5,37,17.6667,16.3077,15.1429,1.1667,1.0769,1.0769,0.0714,0.0769,1.0833,0.0769,0.3846,0.3571,2.8462,2.6429
2,346.txt,169,13,17,15,13,2,2,2,23,13.0,13.0,11.2667,1.1538,1.3077,1.1538,0.1333,0.1538,1.0,0.1538,0.1538,0.1333,1.7692,1.5333
3,347.txt,202,8,26,23,12,10,7,1,29,25.25,16.8333,8.7826,2.875,2.1667,1.9167,0.4348,0.8333,1.5,0.5833,0.0833,0.0435,2.4167,1.2609
4,351.txt,172,15,24,20,15,5,4,4,13,11.4667,11.4667,8.6,1.3333,1.6,1.3333,0.25,0.3333,1.0,0.2667,0.2667,0.2,0.8667,0.65
5,345.txt,163,12,18,16,12,1,1,5,18,13.5833,13.5833,10.1875,1.3333,1.5,1.3333,0.0625,0.0833,1.0,0.0833,0.4167,0.3125,1.5,1.125
6,344.txt,197,9,18,15,9,4,4,1,33,21.8889,21.8889,13.1333,1.6667,2.0,1.6667,0.2667,0.4444,1.0,0.4444,0.1111,0.0667,3.6667,2.2
7,350.txt,178,9,14,14,10,2,2,4,21,19.7778,17.8,12.7143,1.5556,1.4,1.4,0.1429,0.2,1.1111,0.2,0.4,0.2857,2.1,1.5
0,106.txt,187,7,18,16,9,4,4,6,25,26.7143,20.7778,11.6875,2.2857,2.0,1.7778,0.25,0.4444,1.2857,0.4444,0.6667,0.375,2.7778,1.5625
1,107.txt,281,7,26,23,11,12,9,1,34,40.1429,25.5455,12.2174,3.2857,2.3636,2.0909,0.5217,1.0909,1.5714,0.8182,0.0909,0.0435,3.0909,1.4783
2,111.txt,111,6,11,11,6,3,2,6,14,18.5,18.5,10.0909,1.8333,1.8333,1.8333,0.2727,0.5,1.0,0.3333,1.0,0.5455,2.3333,1.2727
3,105.txt,198,12,21,19,12,6,6,8,28,16.5,16.5,10.4211,1.5833,1.75,1.5833,0.3158,0.5,1.0,0.5,0.6667,0.4211,2.3333,1.4737
4,104.txt,174,9,16,14,9,5,5,5,26,19.3333,19.3333,12.4286,1.5556,1.7778,1.5556,0.3571,0.5556,1.0,0.5556,0.5556,0.3571,2.8889,1.8571
5,110.txt,159,6,16,14,8,6,5,3,23,26.5,19.875,11.3571,2.3333,2.0,1.75,0.4286,0.75,1.3333,0.625,0.375,0.2143,2.875,1.6429
6,109.txt,162,5,16,14,8,6,3,1,30,32.4,20.25,11.5714,2.8,2.0,1.75,0.4286,0.75,1.6,0.375,0.125,0.0714,3.75,2.1429
7,108.txt,182,10,19,16,10,6,5,4,25,18.2,18.2,11.375,1.6,1.9,1.6,0.375,0.6,1.0,0.5,0.4,0.25,2.5,1.5625
0,445.txt,158,8,13,13,8,4,4,2,26,19.75,19.75,12.1538,1.625,1.625,1.625,0.3077,0.5,1.0,0.5,0.25,0.1538,3.25,2.0
1,444.txt,165,6,15,11,7,4,3,7,31,27.5,23.5714,15.0,1.8333,2.1429,1.5714,0.3636,0.5714,1.1667,0.4286,1.0,0.6364,4.4286,2.8182
2,446.txt,194,9,12,12,9,2,2,6,34,21.5556,21.5556,16.1667,1.3333,1.3333,1.3333,0.1667,0.2222,1.0,0.2222,0.6667,0.5,3.7778,2.8333
3,447.txt,190,10,24,22,12,10,9,1,31,19.0,15.8333,8.6364,2.2,2.0,1.8333,0.4545,0.8333,1.2,0.75,0.0833,0.0455,2.5833,1.4091
4,443.txt,163,9,13,13,9,2,2,8,18,18.1111,18.1111,12.5385,1.4444,1.4444,1.4444,0.1538,0.2222,1.0,0.2222,0.8889,0.6154,2.0,1.3846
5,442.txt,162,10,17,14,10,4,3,3,23,16.2,16.2,11.5714,1.4,1.7,1.4,0.2857,0.4,1.0,0.3,0.3,0.2143,2.3,1.6429
6,440.txt,169,6,18,18,11,6,4,5,23,28.1667,15.3636,9.3889,3.0,1.6364,1.6364,0.3333,0.5455,1.8333,0.3636,0.4545,0.2778,2.0909,1.2778
7,441.txt,165,9,14,13,10,2,1,5,23,18.3333,16.5,12.6923,1.4444,1.4,1.3,0.1538,0.2,1.1111,0.1,0.5,0.3846,2.3,1.7692
0,16.txt,209,11,16,16,15,1,0,6,27,19.0,13.9333,13.0625,1.4545,1.0667,1.0667,0.0625,0.0667,1.3636,0.0,0.4,0.375,1.8,1.6875
1,17.txt,224,8,25,20,8,11,7,3,29,28.0,28.0,11.2,2.5,3.125,2.5,0.55,1.375,1.0,0.875,0.375,0.15,3.625,1.45
2,20.txt,175,11,16,15,12,3,3,5,20,15.9091,14.5833,11.6667,1.3636,1.3333,1.25,0.2,0.25,1.0909,0.25,0.4167,0.3333,1.6667,1.3333
3,21.txt,168,9,16,14,9,5,5,2,30,18.6667,18.6667,12.0,1.5556,1.7778,1.5556,0.3571,0.5556,1.0,0.5556,0.2222,0.1429,3.3333,2.1429
4,23.txt,225,11,24,22,11,7,7,7,29,20.4545,20.4545,10.2273,2.0,2.1818,2.0,0.3182,0.6364,1.0,0.6364,0.6364,0.3182,2.6364,1.3182
5,22.txt,203,11,15,12,11,1,1,3,29,18.4545,18.4545,16.9167,1.0909,1.3636,1.0909,0.0833,0.0909,1.0,0.0909,0.2727,0.25,2.6364,2.4167
6,19.txt,65,3,4,4,3,1,1,6,5,21.6667,21.6667,16.25,1.3333,1.3333,1.3333,0.25,0.3333,1.0,0.3333,2.0,1.5,1.6667,1.25
7,18.txt,107,5,10,9,5,2,1,1,15,21.4,21.4,11.8889,1.8,2.0,1.8,0.2222,0.4,1.0,0.2,0.2,0.1111,3.0,1.6667
0,458.txt,108,8,14,14,8,6,4,3,19,13.5,13.5,7.7143,1.75,1.75,1.75,0.4286,0.75,1.0,0.5,0.375,0.2143,2.375,1.3571
1,459.txt,145,8,15,15,8,7,5,3,24,18.125,18.125,9.6667,1.875,1.875,1.875,0.4667,0.875,1.0,0.625,0.375,0.2,3.0,1.6
2,462.txt,191,12,17,17,13,4,4,5,31,15.9167,14.6923,11.2353,1.4167,1.3077,1.3077,0.2353,0.3077,1.0833,0.3077,0.3846,0.2941,2.3846,1.8235
3,463.txt,167,14,19,16,14,2,2,0,29,11.9286,11.9286,10.4375,1.1429,1.3571,1.1429,0.125,0.1429,1.0,0.1429,0.0,0.0,2.0714,1.8125
4,461.txt,175,9,16,13,11,3,3,5,18,19.4444,15.9091,13.4615,1.4444,1.4545,1.1818,0.2308,0.2727,1.2222,0.2727,0.4545,0.3846,1.6364,1.3846
5,460.txt,250,7,20,14,9,4,3,6,40,35.7143,27.7778,17.8571,2.0,2.2222,1.5556,0.2857,0.4444,1.2857,0.3333,0.6667,0.4286,4.4444,2.8571
6,457.txt,176,9,14,12,10,2,2,7,25,19.5556,17.6,14.6667,1.3333,1.4,1.2,0.1667,0.2,1.1111,0.2,0.7,0.5833,2.5,2.0833
7,456.txt,165,9,20,16,9,6,3,2,21,18.3333,18.3333,10.3125,1.7778,2.2222,1.7778,0.375,0.6667,1.0,0.3333,0.2222,0.125,2.3333,1.3125
0,174.txt,177,13,16,15,12,2,2,3,19,13.6154,14.75,11.8,1.1538,1.3333,1.25,0.1333,0.1667,0.9231,0.1667,0.25,0.2,1.5833,1.2667
1,175.txt,169,7,16,15,8,5,4,4,25,24.1429,21.125,11.2667,2.1429,2.0,1.875,0.3333,0.625,1.1429,0.5,0.5,0.2667,3.125,1.6667
2,171.txt,227,11,22,20,14,6,4,10,31,20.6364,16.2143,11.35,1.8182,1.5714,1.4286,0.3,0.4286,1.2727,0.2857,0.7143,0.5,2.2143,1.55
3,170.txt,182,11,21,17,11,5,5,4,20,16.5455,16.5455,10.7059,1.5455,1.9091,1.5455,0.2941,0.4545,1.0,0.4545,0.3636,0.2353,1.8182,1.1765
4,172.txt,182,9,18,14,9,4,4,6,25,20.2222,20.2222,13.0,1.5556,2.0,1.5556,0.2857,0.4444,1.0,0.4444,0.6667,0.4286,2.7778,1.7857
5,173.txt,134,8,12,11,8,4,3,4,17,16.75,16.75,12.1818,1.375,1.5,1.375,0.3636,0.5,1.0,0.375,0.5,0.3636,2.125,1.5455
6,169.txt,221,9,22,21,13,8,7,8,33,24.5556,17.0,10.5238,2.3333,1.6923,1.6154,0.381,0.6154,1.4444,0.5385,0.6154,0.381,2.5385,1.5714
7,168.txt,136,7,9,8,7,1,1,7,22,19.4286,19.4286,17.0,1.1429,1.2857,1.1429,0.125,0.1429,1.0,0.1429,1.0,0.875,3.1429,2.75
0,139.txt,148,7,14,11,8,2,2,6,19,21.1429,18.5,13.4545,1.5714,1.75,1.375,0.1818,0.25,1.1429,0.25,0.75,0.5455,2.375,1.7273
1,138.txt,225,15,26,24,15,9,8,9,34,15.0,15.0,9.375,1.6,1.7333,1.6,0.375,0.6,1.0,0.5333,0.6,0.375,2.2667,1.4167
2,142.txt,179,10,15,12,10,2,2,0,27,17.9,17.9,14.9167,1.2,1.5,1.2,0.1667,0.2,1.0,0.2,0.0,0.0,2.7,2.25
3,143.txt,154,11,19,16,12,4,4,6,24,14.0,12.8333,9.625,1.4545,1.5833,1.3333,0.25,0.3333,1.0909,0.3333,0.5,0.375,2.0,1.5
4,141.txt,155,8,15,13,8,3,3,2,25,19.375,19.375,11.9231,1.625,1.875,1.625,0.2308,0.375,1.0,0.375,0.25,0.1538,3.125,1.9231
5,140.txt,219,9,19,16,9,6,4,3,26,24.3333,24.3333,13.6875,1.7778,2.1111,1.7778,0.375,0.6667,1.0,0.4444,0.3333,0.1875,2.8889,1.625
6,136.txt,164,6,12,10,7,3,3,1,42,27.3333,23.4286,16.4,1.6667,1.7143,1.4286,0.3,0.4286,1.1667,0.4286,0.1429,0.1,6.0,4.2
7,137.txt,169,11,20,15,11,3,3,5,22,15.3636,15.3636,11.2667,1.3636,1.8182,1.3636,0.2,0.2727,1.0,0.2727,0.4545,0.3333,2.0,1.4667
0,177.txt,154,7,17,16,7,9,6,4,26,22.0,22.0,9.625,2.2857,2.4286,2.2857,0.5625,1.2857,1.0,0.8571,0.5714,0.25,3.7143,1.625
1,176.txt,177,14,16,15,13,2,2,3,30,12.6429,13.6154,11.8,1.0714,1.2308,1.1538,0.1333,0.1538,0.9286,0.1538,0.2308,0.2,2.3077,2.0
2,181.txt,159,9,13,13,9,4,3,3,30,17.6667,17.6667,12.2308,1.4444,1.4444,1.4444,0.3077,0.4444,1.0,0.3333,0.3333,0.2308,3.3333,2.3077
3,180.txt,245,8,29,20,8,11,6,4,41,30.625,30.625,12.25,2.5,3.625,2.5,0.55,1.375,1.0,0.75,0.5,0.2,5.125,2.05
4,182.txt,174,8,18,15,9,6,5,5,24,21.75,19.3333,11.6,1.875,2.0,1.6667,0.4,0.6667,1.125,0.5556,0.5556,0.3333,2.6667,1.6
5,183.txt,194,7,13,11,7,4,3,5,28,27.7143,27.7143,17.6364,1.5714,1.8571,1.5714,0.3636,0.5714,1.0,0.4286,0.7143,0.4545,4.0,2.5455
6,178.txt,306,15,30,29,15,15,9,7,52,20.4,20.4,10.5517,1.9333,2.0,1.9333,0.5172,1.0,1.0,0.6,0.4667,0.2414,3.4667,1.7931
7,179.txt,189,11,21,21,13,7,6,2,32,17.1818,14.5385,9.0,1.9091,1.6154,1.6154,0.3333,0.5385,1.1818,0.4615,0.1538,0.0952,2.4615,1.5238
0,49.txt,216,7,23,18,8,10,4,4,31,30.8571,27.0,12.0,2.5714,2.875,2.25,0.5556,1.25,1.1429,0.5,0.5,0.2222,3.875,1.7222
1,48.txt,131,11,14,13,11,1,1,2,17,11.9091,11.9091,10.0769,1.1818,1.2727,1.1818,0.0769,0.0909,1.0,0.0909,0.1818,0.1538,1.5455,1.3077
2,54.txt,253,12,26,25,12,13,9,4,36,21.0833,21.0833,10.12,2.0833,2.1667,2.0833,0.52,1.0833,1.0,0.75,0.3333,0.16,3.0,1.44
3,55.txt,309,17,37,35,20,12,9,1,48,18.1765,15.45,8.8286,2.0588,1.85,1.75,0.3429,0.6,1.1765,0.45,0.05,0.0286,2.4,1.3714
4,51.txt,163,9,17,15,10,5,3,2,19,18.1111,16.3,10.8667,1.6667,1.7,1.5,0.3333,0.5,1.1111,0.3,0.2,0.1333,1.9,1.2667
5,50.txt,150,7,12,9,9,2,1,3,26,21.4286,16.6667,16.6667,1.2857,1.3333,1.0,0.2222,0.2222,1.2857,0.1111,0.3333,0.3333,2.8889,2.8889
6,52.txt,130,6,21,17,7,11,4,1,16,21.6667,18.5714,7.6471,2.8333,3.0,2.4286,0.6471,1.5714,1.1667,0.5714,0.1429,0.0588,2.2857,0.9412
7,53.txt,175,9,18,12,11,3,3,2,23,19.4444,15.9091,14.5833,1.3333,1.6364,1.0909,0.25,0.2727,1.2222,0.2727,0.1818,0.1667,2.0909,1.9167
0,243.txt,160,9,14,14,10,4,3,5,19,17.7778,16.0,11.4286,1.5556,1.4,1.4,0.2857,0.4,1.1111,0.3,0.5,0.3571,1.9,1.3571
1,242.txt,281,11,35,26,15,11,10,3,37,25.5455,18.7333,10.8077,2.3636,2.3333,1.7333,0.4231,0.7333,1.3636,0.6667,0.2,0.1154,2.4667,1.4231
2,240.txt,182,8,14,12,9,4,3,5,20,22.75,20.2222,15.1667,1.5,1.5556,1.3333,0.3333,0.4444,1.125,0.3333,0.5556,0.4167,2.2222,1.6667
3,241.txt,186,12,12,13,12,1,1,4,27,15.5,15.5,14.3077,1.0833,1.0,1.0833,0.0769,0.0833,1.0,0.0833,0.3333,0.3077,2.25,2.0769
4,245.txt,180,10,16,16,14,1,1,4,26,18.0,12.8571,11.25,1.6,1.1429,1.1429,0.0625,0.0714,1.4,0.0714,0.2857,0.25,1.8571,1.625
5,244.txt,107,9,14,11,9,2,2,1,13,11.8889,11.8889,9.7273,1.2222,1.5556,1.2222,0.1818,0.2222,1.0,0.2222,0.1111,0.0909,1.4444,1.1818
6,246.txt,164,7,7,7,6,1,1,7,23,23.4286,27.3333,23.4286,1.0,1.1667,1.1667,0.1429,0.1667,0.8571,0.1667,1.1667,1.0,3.8333,3.2857
7,247.txt,159,8,11,11,8,3,3,3,25,19.875,19.875,14.4545,1.375,1.375,1.375,0.2727,0.375,1.0,0.375,0.375,0.2727,3.125,2.2727
0,238.txt,176,7,18,16,11,4,5,2,23,25.1429,16.0,11.0,2.2857,1.6364,1.4545,0.25,0.3636,1.5714,0.4545,0.1818,0.125,2.0909,1.4375
1,239.txt,261,10,23,20,10,8,7,13,35,26.1,26.1,13.05,2.0,2.3,2.0,0.4,0.8,1.0,0.7,1.3,0.65,3.5,1.75
2,234.txt,154,9,15,15,10,4,3,3,22,17.1111,15.4,10.2667,1.6667,1.5,1.5,0.2667,0.4,1.1111,0.3,0.3,0.2,2.2,1.4667
3,235.txt,227,10,29,19,10,8,6,10,36,22.7,22.7,11.9474,1.9,2.9,1.9,0.4211,0.8,1.0,0.6,1.0,0.5263,3.6,1.8947
4,237.txt,270,11,33,20,13,6,5,3,42,24.5455,20.7692,13.5,1.8182,2.5385,1.5385,0.3,0.4615,1.1818,0.3846,0.2308,0.15,3.2308,2.1
5,236.txt,129,10,14,15,10,5,5,1,20,12.9,12.9,8.6,1.5,1.4,1.5,0.3333,0.5,1.0,0.5,0.1,0.0667,2.0,1.3333
6,232.txt,187,7,15,14,8,4,4,7,22,26.7143,23.375,13.3571,2.0,1.875,1.75,0.2857,0.5,1.1429,0.5,0.875,0.5,2.75,1.5714
7,233.txt,181,8,17,13,8,5,5,3,29,22.625,22.625,13.9231,1.625,2.125,1.625,0.3846,0.625,1.0,0.625,0.375,0.2308,3.625,2.2308
0,407.txt,213,13,26,23,15,5,4,1,27,16.3846,14.2,9.2609,1.7692,1.7333,1.5333,0.2174,0.3333,1.1538,0.2667,0.0667,0.0435,1.8,1.1739
1,406.txt,178,7,17,15,11,4,5,2,20,25.4286,16.1818,11.8667,2.1429,1.5455,1.3636,0.2667,0.3636,1.5714,0.4545,0.1818,0.1333,1.8182,1.3333
2,404.txt,184,7,12,12,7,5,3,10,29,26.2857,26.2857,15.3333,1.7143,1.7143,1.7143,0.4167,0.7143,1.0,0.4286,1.4286,0.8333,4.1429,2.4167
3,405.txt,149,9,20,15,9,6,5,2,25,16.5556,16.5556,9.9333,1.6667,2.2222,1.6667,0.4,0.6667,1.0,0.5556,0.2222,0.1333,2.7778,1.6667
4,401.txt,183,8,20,16,10,6,5,3,24,22.875,18.3,11.4375,2.0,2.0,1.6,0.375,0.6,1.25,0.5,0.3,0.1875,2.4,1.5
5,400.txt,150,7,13,12,8,4,5,4,27,21.4286,18.75,12.5,1.7143,1.625,1.5,0.3333,0.5,1.1429,0.625,0.5,0.3333,3.375,2.25
6,402.txt,211,9,22,19,11,8,7,5,28,23.4444,19.1818,11.1053,2.1111,2.0,1.7273,0.4211,0.7273,1.2222,0.6364,0.4545,0.2632,2.5455,1.4737
7,403.txt,184,8,17,16,9,7,6,3,29,23.0,20.4444,11.5,2.0,1.8889,1.7778,0.4375,0.7778,1.125,0.6667,0.3333,0.1875,3.2222,1.8125
0,163.txt,187,11,15,15,11,3,3,10,17,17.0,17.0,12.4667,1.3636,1.3636,1.3636,0.2,0.2727,1.0,0.2727,0.9091,0.6667,1.5455,1.1333
1,162.txt,165,7,20,13,7,5,4,4,22,23.5714,23.5714,12.6923,1.8571,2.8571,1.8571,0.3846,0.7143,1.0,0.5714,0.5714,0.3077,3.1429,1.6923
2,160.txt,161,8,13,13,10,2,4,7,20,20.125,16.1,12.3846,1.625,1.3,1.3,0.1538,0.2,1.25,0.4,0.7,0.5385,2.0,1.5385
3,161.txt,184,9,16,15,9,6,5,2,28,20.4444,20.4444,12.2667,1.6667,1.7778,1.6667,0.4,0.6667,1.0,0.5556,0.2222,0.1333,3.1111,1.8667
4,165.txt,198,12,26,20,14,6,6,5,27,16.5,14.1429,9.9,1.6667,1.8571,1.4286,0.3,0.4286,1.1667,0.4286,0.3571,0.25,1.9286,1.35
5,164.txt,172,14,25,20,14,6,3,2,24,12.2857,12.2857,8.6,1.4286,1.7857,1.4286,0.3,0.4286,1.0,0.2143,0.1429,0.1,1.7143,1.2
6,166.txt,239,10,26,16,12,4,3,5,32,23.9,19.9167,14.9375,1.6,2.1667,1.3333,0.25,0.3333,1.2,0.25,0.4167,0.3125,2.6667,2.0
7,167.txt,148,7,17,14,7,7,4,6,19,21.1429,21.1429,10.5714,2.0,2.4286,2.0,0.5,1.0,1.0,0.5714,0.8571,0.4286,2.7143,1.3571
0,148.txt,280,13,26,24,14,11,5,3,34,21.5385,20.0,11.6667,1.8462,1.8571,1.7143,0.4583,0.7857,1.0769,0.3571,0.2143,0.125,2.4286,1.4167
1,149.txt,189,10,21,20,15,5,4,3,28,18.9,12.6,9.45,2.0,1.4,1.3333,0.25,0.3333,1.5,0.2667,0.2,0.15,1.8667,1.4
2,144.txt,210,9,16,11,10,1,1,3,30,23.3333,21.0,19.0909,1.2222,1.6,1.1,0.0909,0.1,1.1111,0.1,0.3,0.2727,3.0,2.7273
3,150.txt,186,8,19,19,10,8,5,2,30,23.25,18.6,9.7895,2.375,1.9,1.9,0.4211,0.8,1.25,0.5,0.2,0.1053,3.0,1.5789
4,151.txt,201,10,21,18,12,7,5,2,28,20.1,16.75,11.1667,1.8,1.75,1.5,0.3889,0.5833,1.2,0.4167,0.1667,0.1111,2.3333,1.5556
5,145.txt,209,4,17,7,4,2,1,6,16,52.25,52.25,29.8571,1.75,4.25,1.75,0.2857,0.5,1.0,0.25,1.5,0.8571,4.0,2.2857
6,147.txt,169,8,13,12,9,3,3,5,28,21.125,18.7778,14.0833,1.5,1.4444,1.3333,0.25,0.3333,1.125,0.3333,0.5556,0.4167,3.1111,2.3333
7,146.txt,163,10,15,14,10,5,1,4,25,16.3,16.3,11.6429,1.4,1.5,1.4,0.3571,0.5,1.0,0.1,0.4,0.2857,2.5,1.7857
0,121.txt,245,14,23,21,18,3,3,5,35,17.5,13.6111,11.6667,1.5,1.2778,1.1667,0.1429,0.1667,1.2857,0.1667,0.2778,0.2381,1.9444,1.6667
1,120.txt,155,4,12,9,4,4,2,6,28,38.75,38.75,17.2222,2.25,3.0,2.25,0.4444,1.0,1.0,0.5,1.5,0.6667,7.0,3.1111
2,122.txt,255,8,23,14,8,3,3,13,40,31.875,31.875,18.2143,1.75,2.875,1.75,0.2143,0.375,1.0,0.375,1.625,0.9286,5.0,2.8571
3,123.txt,271,9,28,24,11,12,6,5,31,30.1111,24.6364,11.2917,2.6667,2.5455,2.1818,0.5,1.0909,1.2222,0.5455,0.4545,0.2083,2.8182,1.2917
4,127.txt,175,10,16,15,11,4,4,4,26,17.5,15.9091,11.6667,1.5,1.4545,1.3636,0.2667,0.3636,1.1,0.3636,0.3636,0.2667,2.3636,1.7333
5,126.txt,165,9,14,13,9,3,3,4,27,18.3333,18.3333,12.6923,1.4444,1.5556,1.4444,0.2308,0.3333,1.0,0.3333,0.4444,0.3077,3.0,2.0769
6,124.txt,229,8,24,17,9,8,5,5,25,28.625,25.4444,13.4706,2.125,2.6667,1.8889,0.4706,0.8889,1.125,0.5556,0.5556,0.2941,2.7778,1.4706
7,125.txt,219,9,28,22,9,11,6,3,33,24.3333,24.3333,9.9545,2.4444,3.1111,2.4444,0.5,1.2222,1.0,0.6667,0.3333,0.1364,3.6667,1.5
0,276.txt,209,12,23,20,11,9,6,4,29,17.4167,19.0,10.45,1.6667,2.0909,1.8182,0.45,0.8182,0.9167,0.5455,0.3636,0.2,2.6364,1.45
1,277.txt,186,12,18,16,13,4,4,5,24,15.5,14.3077,11.625,1.3333,1.3846,1.2308,0.25,0.3077,1.0833,0.3077,0.3846,0.3125,1.8462,1.5
2,275.txt,187,11,19,19,13,5,4,2,21,17.0,14.3846,9.8421,1.7273,1.4615,1.4615,0.2632,0.3846,1.1818,0.3077,0.1538,0.1053,1.6154,1.1053
3,274.txt,127,8,13,11,9,2,2,6,13,15.875,14.1111,11.5455,1.375,1.4444,1.2222,0.1818,0.2222,1.125,0.2222,0.6667,0.5455,1.4444,1.1818
4,273.txt,175,6,8,7,6,1,1,5,28,29.1667,29.1667,25.0,1.1667,1.3333,1.1667,0.1429,0.1667,1.0,0.1667,0.8333,0.7143,4.6667,4.0
5,272.txt,182,8,19,13,9,3,3,7,14,22.75,20.2222,14.0,1.625,2.1111,1.4444,0.2308,0.3333,1.125,0.3333,0.7778,0.5385,1.5556,1.0769
6,279.txt,157,9,18,11,10,3,3,4,18,17.4444,15.7,14.2727,1.2222,1.8,1.1,0.2727,0.3,1.1111,0.3,0.4,0.3636,1.8,1.6364
7,278.txt,212,4,14,9,5,4,2,2,22,53.0,42.4,23.5556,2.25,2.8,1.8,0.4444,0.8,1.25,0.4,0.4,0.2222,4.4,2.4444
0,304.txt,158,8,12,10,8,2,2,2,26,19.75,19.75,15.8,1.25,1.5,1.25,0.2,0.25,1.0,0.25,0.25,0.2,3.25,2.6
1,310.txt,219,9,18,15,12,2,3,2,34,24.3333,18.25,14.6,1.6667,1.5,1.25,0.1333,0.1667,1.3333,0.25,0.1667,0.1333,2.8333,2.2667
2,311.txt,160,8,20,17,10,7,5,5,29,20.0,16.0,9.4118,2.125,2.0,1.7,0.4118,0.7,1.25,0.5,0.5,0.2941,2.9,1.7059
3,305.txt,188,9,16,15,10,4,3,6,28,20.8889,18.8,12.5333,1.6667,1.6,1.5,0.2667,0.4,1.1111,0.3,0.6,0.4,2.8,1.8667
4,307.txt,161,7,14,13,7,6,4,4,28,23.0,23.0,12.3846,1.8571,2.0,1.8571,0.4615,0.8571,1.0,0.5714,0.5714,0.3077,4.0,2.1538
5,306.txt,194,10,23,23,12,8,6,1,37,19.4,16.1667,8.4348,2.3,1.9167,1.9167,0.3478,0.6667,1.2,0.5,0.0833,0.0435,3.0833,1.6087
6,308.txt,150,15,15,15,15,0,0,0,22,10.0,10.0,10.0,1.0,1.0,1.0,0.0,0.0,1.0,0.0,0.0,0.0,1.4667,1.4667
7,309.txt,178,10,19,14,10,4,3,6,25,17.8,17.8,12.7143,1.4,1.9,1.4,0.2857,0.4,1.0,0.3,0.6,0.4286,2.5,1.7857
0,329.txt,138,9,18,18,12,6,6,3,19,15.3333,11.5,7.6667,2.0,1.5,1.5,0.3333,0.5,1.3333,0.5,0.25,0.1667,1.5833,1.0556
1,328.txt,245,11,21,17,11,6,5,2,34,22.2727,22.2727,14.4118,1.5455,1.9091,1.5455,0.3529,0.5455,1.0,0.4545,0.1818,0.1176,3.0909,2.0
2,334.txt,153,8,13,12,9,3,3,3,27,19.125,17.0,12.75,1.5,1.4444,1.3333,0.25,0.3333,1.125,0.3333,0.3333,0.25,3.0,2.25
3,335.txt,211,15,22,19,16,2,2,5,23,14.0667,13.1875,11.1053,1.2667,1.375,1.1875,0.1053,0.125,1.0667,0.125,0.3125,0.2632,1.4375,1.2105
4,331.txt,165,8,17,16,7,7,4,4,29,20.625,23.5714,10.3125,2.0,2.4286,2.2857,0.4375,1.0,0.875,0.5714,0.5714,0.25,4.1429,1.8125
5,330.txt,207,9,21,16,9,7,6,2,34,23.0,23.0,12.9375,1.7778,2.3333,1.7778,0.4375,0.7778,1.0,0.6667,0.2222,0.125,3.7778,2.125
6,332.txt,168,10,16,15,10,5,5,2,21,16.8,16.8,11.2,1.5,1.6,1.5,0.3333,0.5,1.0,0.5,0.2,0.1333,2.1,1.4
7,333.txt,177,11,20,17,12,5,4,1,24,16.0909,14.75,10.4118,1.5455,1.6667,1.4167,0.2941,0.4167,1.0909,0.3333,0.0833,0.0588,2.0,1.4118
0,43.txt,168,9,12,11,9,2,2,4,27,18.6667,18.6667,15.2727,1.2222,1.3333,1.2222,0.1818,0.2222,1.0,0.2222,0.4444,0.3636,3.0,2.4545
1,42.txt,115,5,9,9,6,3,3,5,12,23.0,19.1667,12.7778,1.8,1.5,1.5,0.3333,0.5,1.2,0.5,0.8333,0.5556,2.0,1.3333
2,40.txt,264,13,34,22,13,9,8,7,34,20.3077,20.3077,12.0,1.6923,2.6154,1.6923,0.4091,0.6923,1.0,0.6154,0.5385,0.3182,2.6154,1.5455
3,41.txt,160,12,19,18,13,4,4,3,32,13.3333,12.3077,8.8889,1.5,1.4615,1.3846,0.2222,0.3077,1.0833,0.3077,0.2308,0.1667,2.4615,1.7778
4,45.txt,176,16,27,26,18,7,7,3,24,11.0,9.7778,6.7692,1.625,1.5,1.4444,0.2692,0.3889,1.125,0.3889,0.1667,0.1154,1.3333,0.9231
5,44.txt,259,8,32,23,10,13,7,5,42,32.375,25.9,11.2609,2.875,3.2,2.3,0.5652,1.3,1.25,0.7,0.5,0.2174,4.2,1.8261
6,46.txt,196,10,17,14,12,2,2,2,25,19.6,16.3333,14.0,1.4,1.4167,1.1667,0.1429,0.1667,1.2,0.1667,0.1667,0.1429,2.0833,1.7857
7,47.txt,160,12,16,16,13,2,2,3,23,13.3333,12.3077,10.0,1.3333,1.2308,1.2308,0.125,0.1538,1.0833,0.1538,0.2308,0.1875,1.7692,1.4375
0,358.txt,155,6,13,12,8,1,1,3,19,25.8333,19.375,12.9167,2.0,1.625,1.5,0.0833,0.125,1.3333,0.125,0.375,0.25,2.375,1.5833
1,359.txt,167,8,17,14,8,5,3,4,24,20.875,20.875,11.9286,1.75,2.125,1.75,0.3571,0.625,1.0,0.375,0.5,0.2857,3.0,1.7143
2,354.txt,114,8,14,12,9,3,4,6,11,14.25,12.6667,9.5,1.5,1.5556,1.3333,0.25,0.3333,1.125,0.4444,0.6667,0.5,1.2222,0.9167
3,355.txt,159,8,15,11,8,3,3,4,22,19.875,19.875,14.4545,1.375,1.875,1.375,0.2727,0.375,1.0,0.375,0.5,0.3636,2.75,2.0
4,357.txt,218,11,19,17,11,6,6,4,33,19.8182,19.8182,12.8235,1.5455,1.7273,1.5455,0.3529,0.5455,1.0,0.5455,0.3636,0.2353,3.0,1.9412
5,356.txt,159,7,18,16,8,7,5,2,19,22.7143,19.875,9.9375,2.2857,2.25,2.0,0.4375,0.875,1.1429,0.625,0.25,0.125,2.375,1.1875
6,352.txt,210,9,18,17,11,3,3,6,23,23.3333,19.0909,12.3529,1.8889,1.6364,1.5455,0.1765,0.2727,1.2222,0.2727,0.5455,0.3529,2.0909,1.3529
7,353.txt,164,10,16,16,10,5,4,2,23,16.4,16.4,10.25,1.6,1.6,1.6,0.3125,0.5,1.0,0.4,0.2,0.125,2.3,1.4375
0,438.txt,290,12,29,19,14,4,3,10,44,24.1667,20.7143,15.2632,1.5833,2.0714,1.3571,0.2105,0.2857,1.1667,0.2143,0.7143,0.5263,3.1429,2.3158
1,439.txt,200,8,21,17,7,10,5,3,33,25.0,28.5714,11.7647,2.125,3.0,2.4286,0.5882,1.4286,0.875,0.7143,0.4286,0.1765,4.7143,1.9412
2,432.txt,135,8,17,16,7,9,6,4,21,16.875,19.2857,8.4375,2.0,2.4286,2.2857,0.5625,1.2857,0.875,0.8571,0.5714,0.25,3.0,1.3125
3,433.txt,189,10,22,21,13,5,3,3,24,18.9,14.5385,9.0,2.1,1.6923,1.6154,0.2381,0.3846,1.3,0.2308,0.2308,0.1429,1.8462,1.1429
4,434.txt,153,10,19,15,13,3,3,4,15,15.3,11.7692,10.2,1.5,1.4615,1.1538,0.2,0.2308,1.3,0.2308,0.3077,0.2667,1.1538,1.0
5,435.txt,162,9,19,16,9,6,5,6,29,18.0,18.0,10.125,1.7778,2.1111,1.7778,0.375,0.6667,1.0,0.5556,0.6667,0.375,3.2222,1.8125
6,437.txt,173,11,23,18,13,4,4,2,23,15.7273,13.3077,9.6111,1.6364,1.7692,1.3846,0.2222,0.3077,1.1818,0.3077,0.1538,0.1111,1.7692,1.2778
7,436.txt,206,11,23,20,11,8,7,4,20,18.7273,18.7273,10.3,1.8182,2.0909,1.8182,0.4,0.7273,1.0,0.6364,0.3636,0.2,1.8182,1.0
0,398.txt,215,11,22,19,16,4,2,3,33,19.5455,13.4375,11.3158,1.7273,1.375,1.1875,0.2105,0.25,1.4545,0.125,0.1875,0.1579,2.0625,1.7368
1,399.txt,246,12,23,22,16,4,4,5,33,20.5,15.375,11.1818,1.8333,1.4375,1.375,0.1818,0.25,1.3333,0.25,0.3125,0.2273,2.0625,1.5
2,397.txt,208,13,14,13,13,1,1,6,28,16.0,16.0,16.0,1.0,1.0769,1.0,0.0769,0.0769,1.0,0.0769,0.4615,0.4615,2.1538,2.1538
3,396.txt,174,5,16,13,5,7,5,6,27,34.8,34.8,13.3846,2.6,3.2,2.6,0.5385,1.4,1.0,1.0,1.2,0.4615,5.4,2.0769
4,394.txt,87,5,7,7,5,2,2,1,16,17.4,17.4,12.4286,1.4,1.4,1.4,0.2857,0.4,1.0,0.4,0.2,0.1429,3.2,2.2857
5,395.txt,235,13,20,17,14,3,3,9,24,18.0769,16.7857,13.8235,1.3077,1.4286,1.2143,0.1765,0.2143,1.0769,0.2143,0.6429,0.5294,1.7143,1.4118
6,392.txt,160,9,16,13,9,4,4,5,23,17.7778,17.7778,12.3077,1.4444,1.7778,1.4444,0.3077,0.4444,1.0,0.4444,0.5556,0.3846,2.5556,1.7692
7,393.txt,174,7,16,14,7,7,4,9,21,24.8571,24.8571,12.4286,2.0,2.2857,2.0,0.5,1.0,1.0,0.5714,1.2857,0.6429,3.0,1.5
0,29.txt,196,11,18,18,13,2,2,5,28,17.8182,15.0769,10.8889,1.6364,1.3846,1.3846,0.1111,0.1538,1.1818,0.1538,0.3846,0.2778,2.1538,1.5556
1,28.txt,227,9,19,18,11,7,9,6,31,25.2222,20.6364,12.6111,2.0,1.7273,1.6364,0.3889,0.6364,1.2222,0.8182,0.5455,0.3333,2.8182,1.7222
2,26.txt,244,6,25,18,7,9,4,3,28,40.6667,34.8571,13.5556,3.0,3.5714,2.5714,0.5,1.2857,1.1667,0.5714,0.4286,0.1667,4.0,1.5556
3,27.txt,166,12,14,11,11,1,1,8,16,13.8333,15.0909,15.0909,0.9167,1.2727,1.0,0.0909,0.0909,0.9167,0.0909,0.7273,0.7273,1.4545,1.4545
4,31.txt,203,9,20,16,10,4,5,5,26,22.5556,20.3,12.6875,1.7778,2.0,1.6,0.25,0.4,1.1111,0.5,0.5,0.3125,2.6,1.625
5,25.txt,174,13,13,12,13,0,0,0,25,13.3846,13.3846,14.5,0.9231,1.0,0.9231,0.0,0.0,1.0,0.0,0.0,0.0,1.9231,2.0833
6,24.txt,169,9,15,14,10,4,4,4,19,18.7778,16.9,12.0714,1.5556,1.5,1.4,0.2857,0.4,1.1111,0.4,0.4,0.2857,1.9,1.3571
7,30.txt,237,9,19,15,14,0,0,9,34,26.3333,16.9286,15.8,1.6667,1.3571,1.0714,0.0,0.0,1.5556,0.0,0.6429,0.6,2.4286,2.2667
0,5.txt,105,6,9,9,6,3,2,2,20,17.5,17.5,11.6667,1.5,1.5,1.5,0.3333,0.5,1.0,0.3333,0.3333,0.2222,3.3333,2.2222
1,4.txt,180,12,18,17,12,3,3,3,25,15.0,15.0,10.5882,1.4167,1.5,1.4167,0.1765,0.25,1.0,0.25,0.25,0.1765,2.0833,1.4706
2,6.txt,133,8,13,12,9,4,3,3,13,16.625,14.7778,11.0833,1.5,1.4444,1.3333,0.3333,0.4444,1.125,0.3333,0.3333,0.25,1.4444,1.0833
3,7.txt,107,7,8,8,7,2,1,2,14,15.2857,15.2857,13.375,1.1429,1.1429,1.1429,0.25,0.2857,1.0,0.1429,0.2857,0.25,2.0,1.75
4,3.txt,168,7,15,14,8,5,5,4,25,24.0,21.0,12.0,2.0,1.875,1.75,0.3571,0.625,1.1429,0.625,0.5,0.2857,3.125,1.7857
5,2.txt,209,7,27,18,10,7,6,4,33,29.8571,20.9,11.6111,2.5714,2.7,1.8,0.3889,0.7,1.4286,0.6,0.4,0.2222,3.3,1.8333
6,0.txt,355,13,50,33,22,12,8,6,43,27.3077,16.1364,10.7576,2.5385,2.2727,1.5,0.3636,0.5455,1.6923,0.3636,0.2727,0.1818,1.9545,1.303
7,1.txt,169,7,17,17,9,6,5,4,26,24.1429,18.7778,9.9412,2.4286,1.8889,1.8889,0.3529,0.6667,1.2857,0.5556,0.4444,0.2353,2.8889,1.5294
0,199.txt,131,7,12,11,8,4,3,3,13,18.7143,16.375,11.9091,1.5714,1.5,1.375,0.3636,0.5,1.1429,0.375,0.375,0.2727,1.625,1.1818
1,198.txt,206,13,26,23,13,10,8,1,31,15.8462,15.8462,8.9565,1.7692,2.0,1.7692,0.4348,0.7692,1.0,0.6154,0.0769,0.0435,2.3846,1.3478
2,195.txt,216,13,27,23,13,10,9,5,31,16.6154,16.6154,9.3913,1.7692,2.0769,1.7692,0.4348,0.7692,1.0,0.6923,0.3846,0.2174,2.3846,1.3478
3,194.txt,215,9,24,21,11,10,6,5,26,23.8889,19.5455,10.2381,2.3333,2.1818,1.9091,0.4762,0.9091,1.2222,0.5455,0.4545,0.2381,2.3636,1.2381
4,196.txt,132,8,14,14,8,6,5,3,18,16.5,16.5,9.4286,1.75,1.75,1.75,0.4286,0.75,1.0,0.625,0.375,0.2143,2.25,1.2857
5,197.txt,156,7,13,11,8,3,3,4,22,22.2857,19.5,14.1818,1.5714,1.625,1.375,0.2727,0.375,1.1429,0.375,0.5,0.3636,2.75,2.0
6,193.txt,171,9,13,12,9,3,3,7,28,19.0,19.0,14.25,1.3333,1.4444,1.3333,0.25,0.3333,1.0,0.3333,0.7778,0.5833,3.1111,2.3333
7,192.txt,224,10,20,18,11,5,5,5,30,22.4,20.3636,12.4444,1.8,1.8182,1.6364,0.2778,0.4545,1.1,0.4545,0.4545,0.2778,2.7273,1.6667
0,375.txt,200,9,22,15,11,4,2,5,31,22.2222,18.1818,13.3333,1.6667,2.0,1.3636,0.2667,0.3636,1.2222,0.1818,0.4545,0.3333,2.8182,2.0667
1,374.txt,174,10,13,13,10,4,3,4,24,17.4,17.4,13.3846,1.3,1.3,1.3,0.3077,0.4,1.0,0.3,0.4,0.3077,2.4,1.8462
2,373.txt,211,13,24,24,16,8,8,4,22,16.2308,13.1875,8.7917,1.8462,1.5,1.5,0.3333,0.5,1.2308,0.5,0.25,0.1667,1.375,0.9167
3,372.txt,139,7,12,8,7,3,3,5,19,19.8571,19.8571,17.375,1.1429,1.7143,1.1429,0.375,0.4286,1.0,0.4286,0.7143,0.625,2.7143,2.375
4,370.txt,266,10,33,24,12,8,7,2,39,26.6,22.1667,11.0833,2.4,2.75,2.0,0.3333,0.6667,1.2,0.5833,0.1667,0.0833,3.25,1.625
5,371.txt,139,9,13,13,9,4,3,1,18,15.4444,15.4444,10.6923,1.4444,1.4444,1.4444,0.3077,0.4444,1.0,0.3333,0.1111,0.0769,2.0,1.3846
6,368.txt,213,8,26,15,8,7,3,7,36,26.625,26.625,14.2,1.875,3.25,1.875,0.4667,0.875,1.0,0.375,0.875,0.4667,4.5,2.4
7,369.txt,155,9,17,14,9,5,4,4,32,17.2222,17.2222,11.0714,1.5556,1.8889,1.5556,0.3571,0.5556,1.0,0.4444,0.4444,0.2857,3.5556,2.2857
0,270.txt,191,7,22,20,7,13,6,1,27,27.2857,27.2857,9.55,2.8571,3.1429,2.8571,0.65,1.8571,1.0,0.8571,0.1429,0.05,3.8571,1.35
1,264.txt,237,10,33,25,13,12,10,6,32,23.7,18.2308,9.48,2.5,2.5385,1.9231,0.48,0.9231,1.3,0.7692,0.4615,0.24,2.4615,1.28
2,265.txt,134,6,14,11,6,1,1,4,14,22.3333,22.3333,12.1818,1.8333,2.3333,1.8333,0.0909,0.1667,1.0,0.1667,0.6667,0.3636,2.3333,1.2727
3,271.txt,145,8,21,13,8,4,4,4,21,18.125,18.125,11.1538,1.625,2.625,1.625,0.3077,0.5,1.0,0.5,0.5,0.3077,2.625,1.6154
4,267.txt,181,9,16,14,10,4,4,4,24,20.1111,18.1,12.9286,1.5556,1.6,1.4,0.2857,0.4,1.1111,0.4,0.4,0.2857,2.4,1.7143
5,266.txt,302,11,33,28,18,11,10,5,41,27.4545,16.7778,10.7857,2.5455,1.8333,1.5556,0.3929,0.6111,1.6364,0.5556,0.2778,0.1786,2.2778,1.4643
6,268.txt,192,13,15,15,13,2,2,5,30,14.7692,14.7692,12.8,1.1538,1.1538,1.1538,0.1333,0.1538,1.0,0.1538,0.3846,0.3333,2.3077,2.0
7,269.txt,167,10,22,19,10,8,6,2,28,16.7,16.7,8.7895,1.9,2.2,1.9,0.4211,0.8,1.0,0.6,0.2,0.1053,2.8,1.4737
0,289.txt,166,8,14,11,8,3,3,2,30,20.75,20.75,15.0909,1.375,1.75,1.375,0.2727,0.375,1.0,0.375,0.25,0.1818,3.75,2.7273
1,288.txt,168,10,17,17,13,4,4,2,26,16.8,12.9231,9.8824,1.7,1.3077,1.3077,0.2353,0.3077,1.3,0.3077,0.1538,0.1176,2.0,1.5294
2,294.txt,240,17,27,22,18,4,4,6,27,14.1176,13.3333,10.9091,1.2941,1.5,1.2222,0.1818,0.2222,1.0588,0.2222,0.3333,0.2727,1.5,1.2273
3,295.txt,217,7,23,16,13,2,2,8,30,31.0,16.6923,13.5625,2.2857,1.7692,1.2308,0.125,0.1538,1.8571,0.1538,0.6154,0.5,2.3077,1.875
4,292.txt,201,11,19,17,13,5,4,3,27,18.2727,15.4615,11.8235,1.5455,1.4615,1.3077,0.2941,0.3846,1.1818,0.3077,0.2308,0.1765,2.0769,1.5882
5,293.txt,172,10,16,14,10,4,4,1,29,17.2,17.2,12.2857,1.4,1.6,1.4,0.2857,0.4,1.0,0.4,0.1,0.0714,2.9,2.0714
6,291.txt,241,10,18,17,14,3,3,5,27,24.1,17.2143,14.1765,1.7,1.2857,1.2143,0.1765,0.2143,1.4,0.2143,0.3571,0.2941,1.9286,1.5882
7,290.txt,210,10,19,19,13,6,4,3,29,21.0,16.1538,11.0526,1.9,1.4615,1.4615,0.3158,0.4615,1.3,0.3077,0.2308,0.1579,2.2308,1.5263
0,64.txt,280,11,32,19,11,6,5,6,44,25.4545,25.4545,14.7368,1.7273,2.9091,1.7273,0.3158,0.5455,1.0,0.4545,0.5455,0.3158,4.0,2.3158
1,70.txt,217,12,21,18,14,3,3,4,26,18.0833,15.5,12.0556,1.5,1.5,1.2857,0.1667,0.2143,1.1667,0.2143,0.2857,0.2222,1.8571,1.4444
2,71.txt,138,6,13,12,8,3,2,4,18,23.0,17.25,11.5,2.0,1.625,1.5,0.25,0.375,1.3333,0.25,0.5,0.3333,2.25,1.5
3,65.txt,125,5,12,12,5,7,4,0,25,25.0,25.0,10.4167,2.4,2.4,2.4,0.5833,1.4,1.0,0.8,0.0,0.0,5.0,2.0833
4,67.txt,188,11,25,21,15,5,5,6,19,17.0909,12.5333,8.9524,1.9091,1.6667,1.4,0.2381,0.3333,1.3636,0.3333,0.4,0.2857,1.2667,0.9048
5,66.txt,168,7,14,11,7,1,1,6,22,24.0,24.0,15.2727,1.5714,2.0,1.5714,0.0909,0.1429,1.0,0.1429,0.8571,0.5455,3.1429,2.0
6,68.txt,175,12,19,15,12,5,4,2,33,14.5833,14.5833,11.6667,1.25,1.5833,1.25,0.3333,0.4167,1.0,0.3333,0.1667,0.1333,2.75,2.2
7,69.txt,194,6,18,14,6,8,4,4,30,32.3333,32.3333,13.8571,2.3333,3.0,2.3333,0.5714,1.3333,1.0,0.6667,0.6667,0.2857,5.0,2.1429
0,449.txt,164,11,18,17,12,5,5,2,19,14.9091,13.6667,9.6471,1.5455,1.5,1.4167,0.2941,0.4167,1.0909,0.4167,0.1667,0.1176,1.5833,1.1176
1,448.txt,193,10,19,17,12,5,5,7,25,19.3,16.0833,11.3529,1.7,1.5833,1.4167,0.2941,0.4167,1.2,0.4167,0.5833,0.4118,2.0833,1.4706
2,451.txt,173,8,14,12,9,3,2,7,23,21.625,19.2222,14.4167,1.5,1.5556,1.3333,0.25,0.3333,1.125,0.2222,0.7778,0.5833,2.5556,1.9167
3,450.txt,192,9,21,18,11,8,6,4,35,21.3333,17.4545,10.6667,2.0,1.9091,1.6364,0.4444,0.7273,1.2222,0.5455,0.3636,0.2222,3.1818,1.9444
4,452.txt,163,7,17,13,8,5,4,6,25,23.2857,20.375,12.5385,1.8571,2.125,1.625,0.3846,0.625,1.1429,0.5,0.75,0.4615,3.125,1.9231
5,453.txt,176,6,14,12,10,2,3,2,22,29.3333,17.6,14.6667,2.0,1.4,1.2,0.1667,0.2,1.6667,0.3,0.2,0.1667,2.2,1.8333
6,454.txt,167,9,19,16,9,5,5,4,27,18.5556,18.5556,10.4375,1.7778,2.1111,1.7778,0.3125,0.5556,1.0,0.5556,0.4444,0.25,3.0,1.6875
7,455.txt,200,10,19,19,11,8,6,6,42,20.0,18.1818,10.5263,1.9,1.7273,1.7273,0.4211,0.7273,1.1,0.5455,0.5455,0.3158,3.8182,2.2105
0,215.txt,139,8,14,14,14,0,0,2,11,17.375,9.9286,9.9286,1.75,1.0,1.0,0.0,0.0,1.75,0.0,0.1429,0.1429,0.7857,0.7857
1,214.txt,148,6,20,12,6,6,4,7,25,24.6667,24.6667,12.3333,2.0,3.3333,2.0,0.5,1.0,1.0,0.6667,1.1667,0.5833,4.1667,2.0833
2,213.txt,159,11,16,14,10,3,3,6,16,14.4545,15.9,11.3571,1.2727,1.6,1.4,0.2143,0.3,0.9091,0.3,0.6,0.4286,1.6,1.1429
3,212.txt,158,7,11,11,7,4,3,9,25,22.5714,22.5714,14.3636,1.5714,1.5714,1.5714,0.3636,0.5714,1.0,0.4286,1.2857,0.8182,3.5714,2.2727
4,210.txt,172,11,16,16,14,2,2,1,19,15.6364,12.2857,10.75,1.4545,1.1429,1.1429,0.125,0.1429,1.2727,0.1429,0.0714,0.0625,1.3571,1.1875
5,211.txt,205,12,21,17,13,3,3,7,20,17.0833,15.7692,12.0588,1.4167,1.6154,1.3077,0.1765,0.2308,1.0833,0.2308,0.5385,0.4118,1.5385,1.1765
6,208.txt,176,9,14,13,12,1,1,6,28,19.5556,14.6667,13.5385,1.4444,1.1667,1.0833,0.0769,0.0833,1.3333,0.0833,0.5,0.4615,2.3333,2.1538
7,209.txt,133,8,16,14,9,6,5,2,18,16.625,14.7778,9.5,1.75,1.7778,1.5556,0.4286,0.6667,1.125,0.5556,0.2222,0.1429,2.0,1.2857
0,416.txt,173,9,18,17,10,6,5,6,30,19.2222,17.3,10.1765,1.8889,1.8,1.7,0.3529,0.6,1.1111,0.5,0.6,0.3529,3.0,1.7647
1,417.txt,170,7,14,12,7,5,4,6,33,24.2857,24.2857,14.1667,1.7143,2.0,1.7143,0.4167,0.7143,1.0,0.5714,0.8571,0.5,4.7143,2.75
2,419.txt,161,9,15,15,9,5,4,1,23,17.8889,17.8889,10.7333,1.6667,1.6667,1.6667,0.3333,0.5556,1.0,0.4444,0.1111,0.0667,2.5556,1.5333
3,418.txt,169,10,16,15,10,5,4,3,21,16.9,16.9,11.2667,1.5,1.6,1.5,0.3333,0.5,1.0,0.4,0.3,0.2,2.1,1.4
4,420.txt,138,9,11,11,11,0,0,5,14,15.3333,12.5455,12.5455,1.2222,1.0,1.0,0.0,0.0,1.2222,0.0,0.4545,0.4545,1.2727,1.2727
5,421.txt,188,5,17,15,6,7,4,8,25,37.6,31.3333,12.5333,3.0,2.8333,2.5,0.4667,1.1667,1.2,0.6667,1.3333,0.5333,4.1667,1.6667
6,423.txt,150,5,14,11,5,5,3,3,22,30.0,30.0,13.6364,2.2,2.8,2.2,0.4545,1.0,1.0,0.6,0.6,0.2727,4.4,2.0
7,422.txt,212,10,21,17,10,7,5,3,25,21.2,21.2,12.4706,1.7,2.1,1.7,0.4118,0.7,1.0,0.5,0.3,0.1765,2.5,1.4706
0,280.txt,156,8,13,13,9,4,5,2,25,19.5,17.3333,12.0,1.625,1.4444,1.4444,0.3077,0.4444,1.125,0.5556,0.2222,0.1538,2.7778,1.9231
1,281.txt,272,8,23,19,12,5,8,7,35,34.0,22.6667,14.3158,2.375,1.9167,1.5833,0.2632,0.4167,1.5,0.6667,0.5833,0.3684,2.9167,1.8421
2,283.txt,162,6,14,13,6,7,4,3,26,27.0,27.0,12.4615,2.1667,2.3333,2.1667,0.5385,1.1667,1.0,0.6667,0.5,0.2308,4.3333,2.0
3,282.txt,207,10,24,19,10,7,6,9,32,20.7,20.7,10.8947,1.9,2.4,1.9,0.3684,0.7,1.0,0.6,0.9,0.4737,3.2,1.6842
4,286.txt,168,11,16,13,13,0,0,4,14,15.2727,12.9231,12.9231,1.1818,1.2308,1.0,0.0,0.0,1.1818,0.0,0.3077,0.3077,1.0769,1.0769
5,287.txt,238,14,23,23,14,8,6,2,33,17.0,17.0,10.3478,1.6429,1.6429,1.6429,0.3478,0.5714,1.0,0.4286,0.1429,0.087,2.3571,1.4348
6,285.txt,161,10,19,18,12,3,3,6,29,16.1,13.4167,8.9444,1.8,1.5833,1.5,0.1667,0.25,1.2,0.25,0.5,0.3333,2.4167,1.6111
7,284.txt,191,11,17,16,12,4,4,1,33,17.3636,15.9167,11.9375,1.4545,1.4167,1.3333,0.25,0.3333,1.0909,0.3333,0.0833,0.0625,2.75,2.0625
0,323.txt,233,12,27,25,13,12,9,4,44,19.4167,17.9231,9.32,2.0833,2.0769,1.9231,0.48,0.9231,1.0833,0.6923,0.3077,0.16,3.3846,1.76
1,322.txt,174,7,18,16,9,7,6,7,17,24.8571,19.3333,10.875,2.2857,2.0,1.7778,0.4375,0.7778,1.2857,0.6667,0.7778,0.4375,1.8889,1.0625
2,320.txt,186,8,17,16,8,8,6,2,34,23.25,23.25,11.625,2.0,2.125,2.0,0.5,1.0,1.0,0.75,0.25,0.125,4.25,2.125
3,321.txt,152,8,11,8,8,0,0,5,21,19.0,19.0,19.0,1.0,1.375,1.0,0.0,0.0,1.0,0.0,0.625,0.625,2.625,2.625
4,325.txt,231,12,22,21,14,7,7,6,31,19.25,16.5,11.0,1.75,1.5714,1.5,0.3333,0.5,1.1667,0.5,0.4286,0.2857,2.2143,1.4762
5,324.txt,137,8,16,14,7,7,3,2,22,17.125,19.5714,9.7857,1.75,2.2857,2.0,0.5,1.0,0.875,0.4286,0.2857,0.1429,3.1429,1.5714
6,326.txt,201,10,25,19,11,9,7,4,24,20.1,18.2727,10.5789,1.9,2.2727,1.7273,0.4737,0.8182,1.1,0.6364,0.3636,0.2105,2.1818,1.2632
7,327.txt,223,12,23,21,12,9,5,5,30,18.5833,18.5833,10.619,1.75,1.9167,1.75,0.4286,0.75,1.0,0.4167,0.4167,0.2381,2.5,1.4286
0,376.txt,175,9,19,19,12,7,5,2,18,19.4444,14.5833,9.2105,2.1111,1.5833,1.5833,0.3684,0.5833,1.3333,0.4167,0.1667,0.1053,1.5,0.9474
1,377.txt,175,8,18,17,9,7,4,3,32,21.875,19.4444,10.2941,2.125,2.0,1.8889,0.4118,0.7778,1.125,0.4444,0.3333,0.1765,3.5556,1.8824
2,383.txt,136,7,16,10,7,3,3,5,14,19.4286,19.4286,13.6,1.4286,2.2857,1.4286,0.3,0.4286,1.0,0.4286,0.7143,0.5,2.0,1.4
3,382.txt,152,7,11,11,7,4,4,6,26,21.7143,21.7143,13.8182,1.5714,1.5714,1.5714,0.3636,0.5714,1.0,0.5714,0.8571,0.5455,3.7143,2.3636
4,380.txt,117,5,12,10,7,2,2,3,19,23.4,16.7143,11.7,2.0,1.7143,1.4286,0.2,0.2857,1.4,0.2857,0.4286,0.3,2.7143,1.9
5,381.txt,211,9,16,15,10,5,3,5,23,23.4444,21.1,14.0667,1.6667,1.6,1.5,0.3333,0.5,1.1111,0.3,0.5,0.3333,2.3,1.5333
6,379.txt,174,10,18,17,10,6,4,2,28,17.4,17.4,10.2353,1.7,1.8,1.7,0.3529,0.6,1.0,0.4,0.2,0.1176,2.8,1.6471
7,378.txt,161,10,19,15,11,5,2,2,23,16.1,14.6364,10.7333,1.5,1.7273,1.3636,0.3333,0.4545,1.1,0.1818,0.1818,0.1333,2.0909,1.5333
0,89.txt,170,9,16,15,11,5,4,4,22,18.8889,15.4545,11.3333,1.6667,1.4545,1.3636,0.3333,0.4545,1.2222,0.3636,0.3636,0.2667,2.0,1.4667
1,88.txt,152,12,17,16,12,4,4,5,20,12.6667,12.6667,9.5,1.3333,1.4167,1.3333,0.25,0.3333,1.0,0.3333,0.4167,0.3125,1.6667,1.25
2,94.txt,277,13,23,20,13,5,5,6,37,21.3077,21.3077,13.85,1.5385,1.7692,1.5385,0.25,0.3846,1.0,0.3846,0.4615,0.3,2.8462,1.85
3,95.txt,161,9,15,14,9,3,2,8,23,17.8889,17.8889,11.5,1.5556,1.6667,1.5556,0.2143,0.3333,1.0,0.2222,0.8889,0.5714,2.5556,1.6429
4,92.txt,196,7,15,13,7,5,2,5,33,28.0,28.0,15.0769,1.8571,2.1429,1.8571,0.3846,0.7143,1.0,0.2857,0.7143,0.3846,4.7143,2.5385
5,93.txt,105,6,14,13,7,6,5,6,13,17.5,15.0,8.0769,2.1667,2.0,1.8571,0.4615,0.8571,1.1667,0.7143,0.8571,0.4615,1.8571,1.0
6,91.txt,204,8,20,18,10,7,3,5,23,25.5,20.4,11.3333,2.25,2.0,1.8,0.3889,0.7,1.25,0.3,0.5,0.2778,2.3,1.2778
7,90.txt,163,11,13,12,11,1,1,8,20,14.8182,14.8182,13.5833,1.0909,1.1818,1.0909,0.0833,0.0909,1.0,0.0909,0.7273,0.6667,1.8182,1.6667
0,229.txt,130,8,13,13,9,4,3,3,18,16.25,14.4444,10.0,1.625,1.4444,1.4444,0.3077,0.4444,1.125,0.3333,0.3333,0.2308,2.0,1.3846
1,228.txt,181,11,20,18,12,5,4,3,26,16.4545,15.0833,10.0556,1.6364,1.6667,1.5,0.2778,0.4167,1.0909,0.3333,0.25,0.1667,2.1667,1.4444
2,226.txt,172,14,19,18,14,4,4,3,28,12.2857,12.2857,9.5556,1.2857,1.3571,1.2857,0.2222,0.2857,1.0,0.2857,0.2143,0.1667,2.0,1.5556
3,227.txt,186,11,19,16,12,4,4,4,28,16.9091,15.5,11.625,1.4545,1.5833,1.3333,0.25,0.3333,1.0909,0.3333,0.3333,0.25,2.3333,1.75
4,225.txt,194,7,20,13,8,5,4,8,18,27.7143,24.25,14.9231,1.8571,2.5,1.625,0.3846,0.625,1.1429,0.5,1.0,0.6154,2.25,1.3846
5,231.txt,226,10,26,20,10,10,7,6,29,22.6,22.6,11.3,2.0,2.6,2.0,0.5,1.0,1.0,0.7,0.6,0.3,2.9,1.45
6,230.txt,152,7,7,7,7,0,0,8,24,21.7143,21.7143,21.7143,1.0,1.0,1.0,0.0,0.0,1.0,0.0,1.1429,1.1429,3.4286,3.4286
7,224.txt,175,9,12,11,9,2,2,6,25,19.4444,19.4444,15.9091,1.2222,1.3333,1.2222,0.1818,0.2222,1.0,0.2222,0.6667,0.5455,2.7778,2.2727
0,201.txt,223,13,21,21,13,8,6,10,23,17.1538,17.1538,10.619,1.6154,1.6154,1.6154,0.381,0.6154,1.0,0.4615,0.7692,0.4762,1.7692,1.0952
1,200.txt,306,10,32,32,12,18,11,7,38,30.6,25.5,9.5625,3.2,2.6667,2.6667,0.5625,1.5,1.2,0.9167,0.5833,0.2188,3.1667,1.1875
2,202.txt,205,10,16,16,11,4,3,6,32,20.5,18.6364,12.8125,1.6,1.4545,1.4545,0.25,0.3636,1.1,0.2727,0.5455,0.375,2.9091,2.0
3,203.txt,203,6,18,14,7,7,5,5,29,33.8333,29.0,14.5,2.3333,2.5714,2.0,0.5,1.0,1.1667,0.7143,0.7143,0.3571,4.1429,2.0714
4,207.txt,167,14,17,17,14,2,2,2,24,11.9286,11.9286,9.8235,1.2143,1.2143,1.2143,0.1176,0.1429,1.0,0.1429,0.1429,0.1176,1.7143,1.4118
5,206.txt,210,10,20,18,10,7,4,4,24,21.0,21.0,11.6667,1.8,2.0,1.8,0.3889,0.7,1.0,0.4,0.4,0.2222,2.4,1.3333
6,204.txt,207,10,20,17,11,6,5,3,35,20.7,18.8182,12.1765,1.7,1.8182,1.5455,0.3529,0.5455,1.1,0.4545,0.2727,0.1765,3.1818,2.0588
7,205.txt,179,7,22,16,9,4,4,7,18,25.5714,19.8889,11.1875,2.2857,2.4444,1.7778,0.25,0.4444,1.2857,0.4444,0.7778,0.4375,2.0,1.125
0,389.txt,206,8,14,12,8,4,4,5,25,25.75,25.75,17.1667,1.5,1.75,1.5,0.3333,0.5,1.0,0.5,0.625,0.4167,3.125,2.0833
1,388.txt,134,9,15,14,11,3,3,1,21,14.8889,12.1818,9.5714,1.5556,1.3636,1.2727,0.2143,0.2727,1.2222,0.2727,0.0909,0.0714,1.9091,1.5
2,385.txt,161,9,17,16,9,6,6,9,24,17.8889,17.8889,10.0625,1.7778,1.8889,1.7778,0.375,0.6667,1.0,0.6667,1.0,0.5625,2.6667,1.5
3,391.txt,188,8,20,15,10,5,4,3,13,23.5,18.8,12.5333,1.875,2.0,1.5,0.3333,0.5,1.25,0.4,0.3,0.2,1.3,0.8667
4,390.txt,174,10,18,13,9,3,2,6,22,17.4,19.3333,13.3846,1.3,2.0,1.4444,0.2308,0.3333,0.9,0.2222,0.6667,0.4615,2.4444,1.6923
5,384.txt,121,9,11,11,10,0,0,6,16,13.4444,12.1,11.0,1.2222,1.1,1.1,0.0,0.0,1.1111,0.0,0.6,0.5455,1.6,1.4545
6,386.txt,204,11,26,19,14,4,3,7,31,18.5455,14.5714,10.7368,1.7273,1.8571,1.3571,0.2105,0.2857,1.2727,0.2143,0.5,0.3684,2.2143,1.6316
7,387.txt,138,8,12,11,8,2,2,2,22,17.25,17.25,12.5455,1.375,1.5,1.375,0.1818,0.25,1.0,0.25,0.25,0.1818,2.75,2.0
0,262.txt,131,8,16,15,9,6,3,2,23,16.375,14.5556,8.7333,1.875,1.7778,1.6667,0.4,0.6667,1.125,0.3333,0.2222,0.1333,2.5556,1.5333
1,263.txt,161,6,16,15,7,8,4,4,22,26.8333,23.0,10.7333,2.5,2.2857,2.1429,0.5333,1.1429,1.1667,0.5714,0.5714,0.2667,3.1429,1.4667
2,261.txt,140,8,12,10,8,3,2,3,17,17.5,17.5,14.0,1.25,1.5,1.25,0.3,0.375,1.0,0.25,0.375,0.3,2.125,1.7
3,260.txt,145,8,15,15,11,4,3,5,18,18.125,13.1818,9.6667,1.875,1.3636,1.3636,0.2667,0.3636,1.375,0.2727,0.4545,0.3333,1.6364,1.2
4,258.txt,224,9,22,18,11,5,4,7,29,24.8889,20.3636,12.4444,2.0,2.0,1.6364,0.2778,0.4545,1.2222,0.3636,0.6364,0.3889,2.6364,1.6111
5,259.txt,88,5,6,5,5,0,0,0,18,17.6,17.6,17.6,1.0,1.2,1.0,0.0,0.0,1.0,0.0,0.0,0.0,3.6,3.6
6,257.txt,166,8,15,15,9,6,6,7,21,20.75,18.4444,11.0667,1.875,1.6667,1.6667,0.4,0.6667,1.125,0.6667,0.7778,0.4667,2.3333,1.4
7,256.txt,159,7,14,13,10,2,3,4,18,22.7143,15.9,12.2308,1.8571,1.4,1.3,0.1538,0.2,1.4286,0.3,0.4,0.3077,1.8,1.3846
0,429.txt,147,7,10,9,8,1,1,11,21,21.0,18.375,16.3333,1.2857,1.25,1.125,0.1111,0.125,1.1429,0.125,1.375,1.2222,2.625,2.3333
1,428.txt,145,10,16,13,10,3,3,3,23,14.5,14.5,11.1538,1.3,1.6,1.3,0.2308,0.3,1.0,0.3,0.3,0.2308,2.3,1.7692
2,426.txt,165,9,19,14,10,4,2,8,20,18.3333,16.5,11.7857,1.5556,1.9,1.4,0.2857,0.4,1.1111,0.2,0.8,0.5714,2.0,1.4286
3,427.txt,157,7,15,15,8,7,5,2,18,22.4286,19.625,10.4667,2.1429,1.875,1.875,0.4667,0.875,1.1429,0.625,0.25,0.1333,2.25,1.2
4,425.txt,188,5,14,12,7,5,4,12,28,37.6,26.8571,15.6667,2.4,2.0,1.7143,0.4167,0.7143,1.4,0.5714,1.7143,1.0,4.0,2.3333
5,431.txt,217,17,23,23,18,4,3,1,33,12.7647,12.0556,9.4348,1.3529,1.2778,1.2778,0.1739,0.2222,1.0588,0.1667,0.0556,0.0435,1.8333,1.4348
6,430.txt,177,6,22,21,7,13,4,6,24,29.5,25.2857,8.4286,3.5,3.1429,3.0,0.619,1.8571,1.1667,0.5714,0.8571,0.2857,3.4286,1.1429
7,424.txt,200,9,15,13,9,3,3,9,19,22.2222,22.2222,15.3846,1.4444,1.6667,1.4444,0.2308,0.3333,1.0,0.3333,1.0,0.6923,2.1111,1.4615
0,338.txt,140,6,10,7,6,1,1,3,25,23.3333,23.3333,20.0,1.1667,1.6667,1.1667,0.1429,0.1667,1.0,0.1667,0.5,0.4286,4.1667,3.5714
1,339.txt,237,11,17,16,15,2,3,6,31,21.5455,15.8,14.8125,1.4545,1.1333,1.0667,0.125,0.1333,1.3636,0.2,0.4,0.375,2.0667,1.9375
2,340.txt,203,10,18,17,10,6,6,3,33,20.3,20.3,11.9412,1.7,1.8,1.7,0.3529,0.6,1.0,0.6,0.3,0.1765,3.3,1.9412
3,341.txt,156,6,13,10,6,4,3,6,26,26.0,26.0,15.6,1.6667,2.1667,1.6667,0.4,0.6667,1.0,0.5,1.0,0.6,4.3333,2.6
4,343.txt,237,10,32,29,13,10,8,3,36,23.7,18.2308,8.1724,2.9,2.4615,2.2308,0.3448,0.7692,1.3,0.6154,0.2308,0.1034,2.7692,1.2414
5,342.txt,196,11,13,12,11,1,1,7,19,17.8182,17.8182,16.3333,1.0909,1.1818,1.0909,0.0833,0.0909,1.0,0.0909,0.6364,0.5833,1.7273,1.5833
6,337.txt,236,10,24,21,12,6,6,7,31,23.6,19.6667,11.2381,2.1,2.0,1.75,0.2857,0.5,1.2,0.5,0.5833,0.3333,2.5833,1.4762
7,336.txt,203,9,19,16,12,4,3,1,32,22.5556,16.9167,12.6875,1.7778,1.5833,1.3333,0.25,0.3333,1.3333,0.25,0.0833,0.0625,2.6667,2.0
0,128.txt,170,12,14,14,13,1,1,2,22,14.1667,13.0769,12.1429,1.1667,1.0769,1.0769,0.0714,0.0769,1.0833,0.0769,0.1538,0.1429,1.6923,1.5714
1,129.txt,159,7,15,14,8,5,5,6,27,22.7143,19.875,11.3571,2.0,1.875,1.75,0.3571,0.625,1.1429,0.625,0.75,0.4286,3.375,1.9286
2,135.txt,323,18,41,32,18,10,8,12,48,17.9444,17.9444,10.0938,1.7778,2.2778,1.7778,0.3125,0.5556,1.0,0.4444,0.6667,0.375,2.6667,1.5
3,134.txt,195,14,26,20,15,3,2,2,27,13.9286,13.0,9.75,1.4286,1.7333,1.3333,0.15,0.2,1.0714,0.1333,0.1333,0.1,1.8,1.35
4,133.txt,166,9,14,11,9,3,3,3,22,18.4444,18.4444,15.0909,1.2222,1.5556,1.2222,0.2727,0.3333,1.0,0.3333,0.3333,0.2727,2.4444,2.0
5,132.txt,127,11,14,13,10,3,3,3,15,11.5455,12.7,9.7692,1.1818,1.4,1.3,0.2308,0.3,0.9091,0.3,0.3,0.2308,1.5,1.1538
6,130.txt,165,9,15,12,10,3,3,6,28,18.3333,16.5,13.75,1.3333,1.5,1.2,0.25,0.3,1.1111,0.3,0.6,0.5,2.8,2.3333
7,131.txt,183,8,24,21,11,7,6,1,28,22.875,16.6364,8.7143,2.625,2.1818,1.9091,0.3333,0.6364,1.375,0.5455,0.0909,0.0476,2.5455,1.3333
0,100.txt,167,6,17,14,7,8,6,4,26,27.8333,23.8571,11.9286,2.3333,2.4286,2.0,0.5714,1.1429,1.1667,0.8571,0.5714,0.2857,3.7143,1.8571
1,101.txt,171,8,19,15,9,6,5,3,22,21.375,19.0,11.4,1.875,2.1111,1.6667,0.4,0.6667,1.125,0.5556,0.3333,0.2,2.4444,1.4667
2,103.txt,194,11,14,13,11,2,2,2,32,17.6364,17.6364,14.9231,1.1818,1.2727,1.1818,0.1538,0.1818,1.0,0.1818,0.1818,0.1538,2.9091,2.4615
3,102.txt,186,11,14,13,11,2,1,7,19,16.9091,16.9091,14.3077,1.1818,1.2727,1.1818,0.1538,0.1818,1.0,0.0909,0.6364,0.5385,1.7273,1.4615
4,98.txt,169,8,14,12,8,4,2,5,35,21.125,21.125,14.0833,1.5,1.75,1.5,0.3333,0.5,1.0,0.25,0.625,0.4167,4.375,2.9167
5,99.txt,200,10,15,14,12,2,2,7,27,20.0,16.6667,14.2857,1.4,1.25,1.1667,0.1429,0.1667,1.2,0.1667,0.5833,0.5,2.25,1.9286
6,97.txt,221,12,20,19,12,5,5,3,31,18.4167,18.4167,11.6316,1.5833,1.6667,1.5833,0.2632,0.4167,1.0,0.4167,0.25,0.1579,2.5833,1.6316
7,96.txt,220,4,20,12,6,5,3,10,33,55.0,36.6667,18.3333,3.0,3.3333,2.0,0.4167,0.8333,1.5,0.5,1.6667,0.8333,5.5,2.75
0,188.txt,195,11,23,18,11,7,6,4,27,17.7273,17.7273,10.8333,1.6364,2.0909,1.6364,0.3889,0.6364,1.0,0.5455,0.3636,0.2222,2.4545,1.5
1,189.txt,189,15,22,21,17,5,5,1,21,12.6,11.1176,9.0,1.4,1.2941,1.2353,0.2381,0.2941,1.1333,0.2941,0.0588,0.0476,1.2353,1.0
2,187.txt,156,8,15,13,8,5,4,3,25,19.5,19.5,12.0,1.625,1.875,1.625,0.3846,0.625,1.0,0.5,0.375,0.2308,3.125,1.9231
3,186.txt,161,9,12,11,9,1,1,3,34,17.8889,17.8889,14.6364,1.2222,1.3333,1.2222,0.0909,0.1111,1.0,0.1111,0.3333,0.2727,3.7778,3.0909
4,190.txt,174,6,17,13,7,6,5,5,24,29.0,24.8571,13.3846,2.1667,2.4286,1.8571,0.4615,0.8571,1.1667,0.7143,0.7143,0.3846,3.4286,1.8462
5,184.txt,230,10,25,20,11,9,7,4,26,23.0,20.9091,11.5,2.0,2.2727,1.8182,0.45,0.8182,1.1,0.6364,0.3636,0.2,2.3636,1.3
6,185.txt,173,10,18,16,10,6,5,2,29,17.3,17.3,10.8125,1.6,1.8,1.6,0.375,0.6,1.0,0.5,0.2,0.125,2.9,1.8125
7,191.txt,172,12,18,16,15,1,1,6,16,14.3333,11.4667,10.75,1.3333,1.2,1.0667,0.0625,0.0667,1.25,0.0667,0.4,0.375,1.0667,1.0
0,249.txt,158,7,14,13,9,4,3,7,18,22.5714,17.5556,12.1538,1.8571,1.5556,1.4444,0.3077,0.4444,1.2857,0.3333,0.7778,0.5385,2.0,1.3846
1,248.txt,148,5,11,9,6,2,2,4,27,29.6,24.6667,16.4444,1.8,1.8333,1.5,0.2222,0.3333,1.2,0.3333,0.6667,0.4444,4.5,3.0
2,254.txt,255,6,18,14,7,5,4,9,32,42.5,36.4286,18.2143,2.3333,2.5714,2.0,0.3571,0.7143,1.1667,0.5714,1.2857,0.6429,4.5714,2.2857
3,255.txt,229,7,19,18,7,9,5,5,42,32.7143,32.7143,12.7222,2.5714,2.7143,2.5714,0.5,1.2857,1.0,0.7143,0.7143,0.2778,6.0,2.3333
4,251.txt,132,6,14,12,8,3,4,3,11,22.0,16.5,11.0,2.0,1.75,1.5,0.25,0.375,1.3333,0.5,0.375,0.25,1.375,0.9167
5,250.txt,140,8,21,15,8,5,4,2,19,17.5,17.5,9.3333,1.875,2.625,1.875,0.3333,0.625,1.0,0.5,0.25,0.1333,2.375,1.2667
6,252.txt,190,11,20,20,11,8,5,4,34,17.2727,17.2727,9.5,1.8182,1.8182,1.8182,0.4,0.7273,1.0,0.4545,0.3636,0.2,3.0909,1.7
7,253.txt,186,11,16,15,13,0,0,4,25,16.9091,14.3077,12.4,1.3636,1.2308,1.1538,0.0,0.0,1.1818,0.0,0.3077,0.2667,1.9231,1.6667
0,80.txt,250,19,36,29,19,8,8,6,29,13.1579,13.1579,8.6207,1.5263,1.8947,1.5263,0.2759,0.4211,1.0,0.4211,0.3158,0.2069,1.5263,1.0
1,81.txt,196,13,21,18,13,6,5,0,39,15.0769,15.0769,10.8889,1.3846,1.6154,1.3846,0.3333,0.4615,1.0,0.3846,0.0,0.0,3.0,2.1667
2,83.txt,212,9,26,16,9,8,5,4,38,23.5556,23.5556,13.25,1.7778,2.8889,1.7778,0.5,0.8889,1.0,0.5556,0.4444,0.25,4.2222,2.375
3,82.txt,150,9,15,12,9,3,2,5,19,16.6667,16.6667,12.5,1.3333,1.6667,1.3333,0.25,0.3333,1.0,0.2222,0.5556,0.4167,2.1111,1.5833
4,86.txt,162,13,22,20,15,5,3,4,26,12.4615,10.8,8.1,1.5385,1.4667,1.3333,0.25,0.3333,1.1538,0.2,0.2667,0.2,1.7333,1.3
5,87.txt,158,11,12,11,11,0,0,4,28,14.3636,14.3636,14.3636,1.0,1.0909,1.0,0.0,0.0,1.0,0.0,0.3636,0.3636,2.5455,2.5455
6,85.txt,180,9,13,11,9,2,2,3,26,20.0,20.0,16.3636,1.2222,1.4444,1.2222,0.1818,0.2222,1.0,0.2222,0.3333,0.2727,2.8889,2.3636
7,84.txt,210,7,20,17,8,8,5,3,31,30.0,26.25,12.3529,2.4286,2.5,2.125,0.4706,1.0,1.1429,0.625,0.375,0.1765,3.875,1.8235
0,302.txt,170,7,14,12,10,1,1,6,26,24.2857,17.0,14.1667,1.7143,1.4,1.2,0.0833,0.1,1.4286,0.1,0.6,0.5,2.6,2.1667
1,303.txt,144,8,19,17,8,9,6,4,17,18.0,18.0,8.4706,2.125,2.375,2.125,0.5294,1.125,1.0,0.75,0.5,0.2353,2.125,1.0
2,301.txt,180,10,21,14,11,3,3,7,25,18.0,16.3636,12.8571,1.4,1.9091,1.2727,0.2143,0.2727,1.1,0.2727,0.6364,0.5,2.2727,1.7857
3,300.txt,172,7,18,15,8,6,4,8,16,24.5714,21.5,11.4667,2.1429,2.25,1.875,0.4,0.75,1.1429,0.5,1.0,0.5333,2.0,1.0667
4,298.txt,195,8,17,15,10,6,6,6,22,24.375,19.5,13.0,1.875,1.7,1.5,0.4,0.6,1.25,0.6,0.6,0.4,2.2,1.4667
5,299.txt,144,9,14,12,9,4,4,3,18,16.0,16.0,12.0,1.3333,1.5556,1.3333,0.3333,0.4444,1.0,0.4444,0.3333,0.25,2.0,1.5
6,297.txt,155,13,20,12,12,1,1,5,14,11.9231,12.9167,12.9167,0.9231,1.6667,1.0,0.0833,0.0833,0.9231,0.0833,0.4167,0.4167,1.1667,1.1667
7,296.txt,156,8,16,16,8,5,5,1,31,19.5,19.5,9.75,2.0,2.0,2.0,0.3125,0.625,1.0,0.625,0.125,0.0625,3.875,1.9375
0,361.txt,167,7,12,12,10,2,1,4,17,23.8571,16.7,13.9167,1.7143,1.2,1.2,0.1667,0.2,1.4286,0.1,0.4,0.3333,1.7,1.4167
1,360.txt,177,9,17,16,11,5,5,3,21,19.6667,16.0909,11.0625,1.7778,1.5455,1.4545,0.3125,0.4545,1.2222,0.4545,0.2727,0.1875,1.9091,1.3125
2,362.txt,234,12,21,19,15,4,4,9,20,19.5,15.6,12.3158,1.5833,1.4,1.2667,0.2105,0.2667,1.25,0.2667,0.6,0.4737,1.3333,1.0526
3,363.txt,193,9,21,19,14,4,3,5,29,21.4444,13.7857,10.1579,2.1111,1.5,1.3571,0.2105,0.2857,1.5556,0.2143,0.3571,0.2632,2.0714,1.5263
4,367.txt,191,13,20,19,13,6,4,6,26,14.6923,14.6923,10.0526,1.4615,1.5385,1.4615,0.3158,0.4615,1.0,0.3077,0.4615,0.3158,2.0,1.3684
5,366.txt,93,6,11,9,6,3,3,1,17,15.5,15.5,10.3333,1.5,1.8333,1.5,0.3333,0.5,1.0,0.5,0.1667,0.1111,2.8333,1.8889
6,364.txt,239,15,23,21,17,4,2,7,25,15.9333,14.0588,11.381,1.4,1.3529,1.2353,0.1905,0.2353,1.1333,0.1176,0.4118,0.3333,1.4706,1.1905
7,365.txt,185,9,18,15,11,2,2,10,15,20.5556,16.8182,12.3333,1.6667,1.6364,1.3636,0.1333,0.1818,1.2222,0.1818,0.9091,0.6667,1.3636,1.0
0,464.txt,164,8,15,14,8,5,5,5,20,20.5,20.5,11.7143,1.75,1.875,1.75,0.3571,0.625,1.0,0.625,0.625,0.3571,2.5,1.4286
1,465.txt,171,7,10,9,7,2,2,5,28,24.4286,24.4286,19.0,1.2857,1.4286,1.2857,0.2222,0.2857,1.0,0.2857,0.7143,0.5556,4.0,3.1111
0,15.txt,218,4,10,8,5,3,2,3,13,54.5,43.6,27.25,2.0,2.0,1.6,0.375,0.6,1.25,0.4,0.6,0.375,2.6,1.625
1,14.txt,153,9,15,14,9,5,3,5,17,17.0,17.0,10.9286,1.5556,1.6667,1.5556,0.3571,0.5556,1.0,0.3333,0.5556,0.3571,1.8889,1.2143
2,13.txt,155,8,15,15,8,7,6,3,22,19.375,19.375,10.3333,1.875,1.875,1.875,0.4667,0.875,1.0,0.75,0.375,0.2,2.75,1.4667
3,12.txt,265,11,21,18,12,6,4,9,38,24.0909,22.0833,14.7222,1.6364,1.75,1.5,0.3333,0.5,1.0909,0.3333,0.75,0.5,3.1667,2.1111
4,10.txt,240,10,24,21,11,8,7,6,35,24.0,21.8182,11.4286,2.1,2.1818,1.9091,0.381,0.7273,1.1,0.6364,0.5455,0.2857,3.1818,1.6667
5,11.txt,196,11,19,17,11,5,4,1,30,17.8182,17.8182,11.5294,1.5455,1.7273,1.5455,0.2941,0.4545,1.0,0.3636,0.0909,0.0588,2.7273,1.7647
6,9.txt,194,12,27,21,17,4,5,4,22,16.1667,11.4118,9.2381,1.75,1.5882,1.2353,0.1905,0.2353,1.4167,0.2941,0.2353,0.1905,1.2941,1.0476
7,8.txt,183,8,17,16,10,6,3,5,29,22.875,18.3,11.4375,2.0,1.7,1.6,0.375,0.6,1.25,0.3,0.5,0.3125,2.9,1.8125
0,76.txt,165,8,15,14,8,4,4,3,23,20.625,20.625,11.7857,1.75,1.875,1.75,0.2857,0.5,1.0,0.5,0.375,0.2143,2.875,1.6429
1,77.txt,131,6,14,13,6,7,5,11,12,21.8333,21.8333,10.0769,2.1667,2.3333,2.1667,0.5385,1.1667,1.0,0.8333,1.8333,0.8462,2.0,0.9231
2,75.txt,139,12,10,11,11,0,0,5,22,11.5833,12.6364,12.6364,0.9167,0.9091,1.0,0.0,0.0,0.9167,0.0,0.4545,0.4545,2.0,2.0
3,74.txt,226,13,20,19,16,2,2,8,31,17.3846,14.125,11.8947,1.4615,1.25,1.1875,0.1053,0.125,1.2308,0.125,0.5,0.4211,1.9375,1.6316
4,73.txt,199,9,16,14,11,3,2,7,31,22.1111,18.0909,14.2143,1.5556,1.4545,1.2727,0.2143,0.2727,1.2222,0.1818,0.6364,0.5,2.8182,2.2143
5,72.txt,175,7,21,16,11,3,4,3,21,25.0,15.9091,10.9375,2.2857,1.9091,1.4545,0.1875,0.2727,1.5714,0.3636,0.2727,0.1875,1.9091,1.3125
6,79.txt,171,8,17,15,9,5,6,6,28,21.375,19.0,11.4,1.875,1.8889,1.6667,0.3333,0.5556,1.125,0.6667,0.6667,0.4,3.1111,1.8667
7,78.txt,186,7,19,16,8,6,4,5,26,26.5714,23.25,11.625,2.2857,2.375,2.0,0.375,0.75,1.1429,0.5,0.625,0.3125,3.25,1.625
0,216.txt,220,12,17,16,14,1,1,5,33,18.3333,15.7143,13.75,1.3333,1.2143,1.1429,0.0625,0.0714,1.1667,0.0714,0.3571,0.3125,2.3571,2.0625
1,217.txt,180,9,21,16,9,7,4,2,21,20.0,20.0,11.25,1.7778,2.3333,1.7778,0.4375,0.7778,1.0,0.4444,0.2222,0.125,2.3333,1.3125
2,220.txt,188,8,18,14,10,4,3,3,33,23.5,18.8,13.4286,1.75,1.8,1.4,0.2857,0.4,1.25,0.3,0.3,0.2143,3.3,2.3571
3,221.txt,149,6,11,9,6,2,2,6,22,24.8333,24.8333,16.5556,1.5,1.8333,1.5,0.2222,0.3333,1.0,0.3333,1.0,0.6667,3.6667,2.4444
4,223.txt,155,12,13,13,12,1,1,1,23,12.9167,12.9167,11.9231,1.0833,1.0833,1.0833,0.0769,0.0833,1.0,0.0833,0.0833,0.0769,1.9167,1.7692
5,222.txt,158,7,16,10,9,1,1,3,19,22.5714,17.5556,15.8,1.4286,1.7778,1.1111,0.1,0.1111,1.2857,0.1111,0.3333,0.3,2.1111,1.9
6,219.txt,220,10,15,15,12,3,2,9,22,22.0,18.3333,14.6667,1.5,1.25,1.25,0.2,0.25,1.2,0.1667,0.75,0.6,1.8333,1.4667
7,218.txt,160,9,21,21,10,9,6,2,20,17.7778,16.0,7.619,2.3333,2.1,2.1,0.4286,0.9,1.1111,0.6,0.2,0.0952,2.0,0.9524
0,316.txt,136,9,15,12,9,3,2,6,19,15.1111,15.1111,11.3333,1.3333,1.6667,1.3333,0.25,0.3333,1.0,0.2222,0.6667,0.5,2.1111,1.5833
1,317.txt,210,9,14,12,9,3,3,8,37,23.3333,23.3333,17.5,1.3333,1.5556,1.3333,0.25,0.3333,1.0,0.3333,0.8889,0.6667,4.1111,3.0833
2,315.txt,236,10,24,20,11,9,7,3,31,23.6,21.4545,11.8,2.0,2.1818,1.8182,0.45,0.8182,1.1,0.6364,0.2727,0.15,2.8182,1.55
3,314.txt,160,11,16,13,12,3,3,1,22,14.5455,13.3333,12.3077,1.1818,1.3333,1.0833,0.2308,0.25,1.0909,0.25,0.0833,0.0769,1.8333,1.6923
4,313.txt,127,8,13,12,9,3,2,7,17,15.875,14.1111,10.5833,1.5,1.4444,1.3333,0.25,0.3333,1.125,0.2222,0.7778,0.5833,1.8889,1.4167
5,312.txt,179,15,21,21,15,6,6,4,22,11.9333,11.9333,8.5238,1.4,1.4,1.4,0.2857,0.4,1.0,0.4,0.2667,0.1905,1.4667,1.0476
6,319.txt,186,9,19,16,12,5,4,3,22,20.6667,15.5,11.625,1.7778,1.5833,1.3333,0.3125,0.4167,1.3333,0.3333,0.25,0.1875,1.8333,1.375
7,318.txt,169,8,17,13,9,4,3,4,27,21.125,18.7778,13.0,1.625,1.8889,1.4444,0.3077,0.4444,1.125,0.3333,0.4444,0.3077,3.0,2.0769
0,114.txt,202,9,17,15,10,6,6,9,20,22.4444,20.2,13.4667,1.6667,1.7,1.5,0.4,0.6,1.1111,0.6,0.9,0.6,2.0,1.3333
1,115.txt,97,5,13,9,6,4,4,3,18,19.4,16.1667,10.7778,1.8,2.1667,1.5,0.4444,0.6667,1.2,0.6667,0.5,0.3333,3.0,2.0
2,117.txt,185,11,14,14,11,2,3,7,24,16.8182,16.8182,13.2143,1.2727,1.2727,1.2727,0.1429,0.1818,1.0,0.2727,0.6364,0.5,2.1818,1.7143
3,116.txt,208,11,21,19,11,6,6,3,27,18.9091,18.9091,10.9474,1.7273,1.9091,1.7273,0.3158,0.5455,1.0,0.5455,0.2727,0.1579,2.4545,1.4211
4,112.txt,242,13,23,22,14,8,6,5,42,18.6154,17.2857,11.0,1.6923,1.6429,1.5714,0.3636,0.5714,1.0769,0.4286,0.3571,0.2273,3.0,1.9091
5,113.txt,177,9,19,16,9,7,4,3,22,19.6667,19.6667,11.0625,1.7778,2.1111,1.7778,0.4375,0.7778,1.0,0.4444,0.3333,0.1875,2.4444,1.375
6,118.txt,292,12,20,17,12,5,4,10,40,24.3333,24.3333,17.1765,1.4167,1.6667,1.4167,0.2941,0.4167,1.0,0.3333,0.8333,0.5882,3.3333,2.3529
7,119.txt,177,6,12,10,6,4,3,6,29,29.5,29.5,17.7,1.6667,2.0,1.6667,0.4,0.6667,1.0,0.5,1.0,0.6,4.8333,2.9
0,62.txt,160,8,17,12,8,4,2,3,27,20.0,20.0,13.3333,1.5,2.125,1.5,0.3333,0.5,1.0,0.25,0.375,0.25,3.375,2.25
1,63.txt,137,12,17,15,12,2,2,4,17,11.4167,11.4167,9.1333,1.25,1.4167,1.25,0.1333,0.1667,1.0,0.1667,0.3333,0.2667,1.4167,1.1333
2,61.txt,119,7,12,10,7,2,2,2,16,17.0,17.0,11.9,1.4286,1.7143,1.4286,0.2,0.2857,1.0,0.2857,0.2857,0.2,2.2857,1.6
3,60.txt,178,11,26,20,12,7,5,2,28,16.1818,14.8333,8.9,1.8182,2.1667,1.6667,0.35,0.5833,1.0909,0.4167,0.1667,0.1,2.3333,1.4
4,58.txt,153,8,15,13,8,5,4,6,25,19.125,19.125,11.7692,1.625,1.875,1.625,0.3846,0.625,1.0,0.5,0.75,0.4615,3.125,1.9231
5,59.txt,133,5,14,13,6,7,5,4,15,26.6,22.1667,10.2308,2.6,2.3333,2.1667,0.5385,1.1667,1.2,0.8333,0.6667,0.3077,2.5,1.1538
6,57.txt,237,15,30,21,14,8,5,6,34,15.8,16.9286,11.2857,1.4,2.1429,1.5,0.381,0.5714,0.9333,0.3571,0.4286,0.2857,2.4286,1.619
7,56.txt,148,13,19,18,13,4,3,4,16,11.3846,11.3846,8.2222,1.3846,1.4615,1.3846,0.2222,0.3077,1.0,0.2308,0.3077,0.2222,1.2308,0.8889
